First,Last,Salary
Richard,Roberts,66747
Walter,Morris,199045
Tyler,Spencer,116502
Jasmine,Perkins,174059
Sarah,Brown,162858
Vanessa,Hawkins,189069
Richard,Adams,182287
Lydia,Mitchell,174006
Ellia,Hill,158235
Valeria,Howard,82941
Reid,Miller,111537
Jordan,Warren,161075
Elian,Baker,102675
Patrick,Harris,74995
Steven,Sullivan,77499
Audrey,Mason,170769
Carlos,Barnes,56406
Naomi,Richards,112086
Edward,Kelly,146842
Elise,Cole,195027
Vivian,Montgomery,172473
Byron,Warren,179038
Agata,Richards,97409
Tiana,Cameron,78588
George,Williams,76546
Richard,Phillips,34865
Stella,Alexander,102961
Violet,Crawford,96888
Roland,Elliott,125981
Roman,Taylor,178008
Jacob,Dixon,31516
Carina,Brown,162728
Dominik,Smith,177053
Kate,Edwards,118019
Harold,Cooper,136787
Penelope,Myers,139911
Maximilian,Morgan,107087
Lana,Henderson,119074
James,Turner,113917
Amber,Fowler,65321
Adele,Johnston,172015
Eric,West,195454
Alberta,Murphy,196397
James,Cunningham,74690
Sawyer,Reed,70449
Briony,Harper,73896
Aiden,Perkins,45458
James,Watson,96856
Ellia,Johnson,155982
Lucas,Johnson,162301
Vincent,Hill,91883
Alfred,Holmes,128454
Sabrina,Cunningham,141338
Tess,Henderson,159292
Melanie,Scott,177043
Stuart,Fowler,187885
Chelsea,Roberts,164158
Byron,Rogers,80003
Daisy,Riley,84773
Rafael,Crawford,90138
Amelia,Robinson,58010
Adele,Robinson,86289
Walter,Harris,52866
Haris,Turner,35063
Derek,Hunt,174308
Kelsey,Spencer,159653
Clark,Allen,144974
Lyndon,Harper,81395
Olivia,Moore,78727
Emma,Mason,58890
Charlie,Cameron,116716
Kristian,Crawford,50741
Paige,Nelson,54343
Brooke,Tucker,113113
Edgar,Bailey,95432
Haris,Sullivan,94793
Florrie,Kelly,157009
Hailey,Foster,110890
Kate,Chapman,161649
Brianna,Thomas,112990
Ted,Nelson,73190
Andrew,Howard,53531
Justin,Phillips,41444
Fenton,Lloyd,184529
Catherine,Turner,182824
Nicholas,Tucker,188487
Ryan,Bailey,172414
Sam,Moore,146981
Alexia,Walker,68490
Jordan,Hamilton,57186
Ashton,Tucker,37118
Eleanor,Carter,96500
Lucy,Cooper,113475
Isabella,Hunt,59985
Vivian,Sullivan,101564
Haris,Stewart,87783
Elise,Johnston,189638
Edward,Gray,46537
Jack,Miller,139178
Grace,Foster,68365
Eric,Morrison,75428
Arthur,Hunt,55894
Vanessa,Edwards,89107
Charlotte,Fowler,99772
Amber,Morris,139007
Lucy,Cunningham,154539
Aldus,Chapman,164565
Leonardo,Ellis,96015
Haris,Taylor,65428
Sawyer,Farrell,126213
Amy,Holmes,179006
Maximilian,Phillips,108619
Aston,Gray,149745
Jessica,Craig,190450
Florrie,Cooper,93148
Adison,Henderson,132569
Byron,Campbell,178937
Anna,Perkins,65561
Julian,Hawkins,79549
Adele,Nelson,47426
Adrianna,Montgomery,92748
Ryan,Alexander,86668
Adison,Carter,113927
Alberta,Bennett,176223
Daisy,Spencer,116653
Stella,Harper,185492
Kelvin,Owens,64006
Ryan,Perry,106291
Fenton,Fowler,32028
Reid,Jones,173184
Jack,Henderson,144656
Natalie,Cole,77457
Jessica,Campbell,199078
Dominik,Casey,33763
Aiden,Hall,147229
Myra,Evans,138084
Miranda,Bailey,158302
Amy,Carter,111793
Tyler,Montgomery,34099
Nicholas,Myers,193731
Walter,Perry,38006
Hailey,Hunt,183105
Aida,Adams,102349
Dominik,Chapman,157751
Catherine,Hill,173555
Kelvin,Riley,165498
Paul,Foster,90320
Dale,Turner,152492
Melanie,Warren,31058
Eleanor,Phillips,139869
Robert,Gray,169918
Fiona,Owens,93806
Catherine,Chapman,196538
Audrey,Johnston,83845
Sofia,Wells,70029
Julia,Morris,113190
Natalie,Scott,69336
Grace,Cooper,104035
Jordan,Foster,189481
Thomas,Allen,71365
Michelle,Phillips,77219
Walter,Morrison,134137
Sofia,Casey,118822
Dexter,Alexander,76296
Blake,Craig,137900
Lenny,Foster,66050
Harold,Perry,184381
Sofia,Richards,96201
Michael,Carroll,147844
Charlotte,Wilson,188480
Samantha,Kelly,89932
Victoria,Thomas,155850
Henry,Adams,171585
Melanie,Murphy,162282
Dainton,Watson,113601
Tyler,Edwards,145139
Kristian,Rogers,127779
Alan,Craig,173921
David,Mitchell,97630
Paul,Moore,128838
Garry,Howard,113790
Chelsea,Mason,67548
Ned,Stevens,192645
Fenton,Cooper,110327
Jenna,Kelley,121394
Byron,Russell,62673
George,Payne,193517
Antony,Stevens,160730
Amanda,Taylor,136709
Daniel,Morrison,182998
Derek,Higgins,32095
Stuart,Tucker,183928
Alissa,Wells,117134
Amber,Johnson,120917
Freddie,Reed,60224
Preston,Myers,55034
Savana,Johnston,156967
Belinda,Casey,44604
Savana,Dixon,121236
Alen,Wright,104811